"","dep","Gendarmerie","Cour_appel","Tribunal_gd_instance","Tribunal_instance","Prudhommes","Tribunal_commerce","Bureau_poste","Agence_postale_communale","Taxi","Aeroport","Gare_TGV","Gare_sans_TGV","Sante_court_sejour","Sante_moyen_sejour","Sante_long_sejour","Etablissement_psychiatrique","Urgences","Maternite","Structure_psychiatrique_ambulatoire","College","Lycee_professionnel","Lycee_general_techno","Total_education","Total_loisir","Natation","Boulodrome","Tennis","Cyclisme","Athletisme","Golf","Parcours_sportif","Sports_de_glace","Skate_park"
"1","01",7.58680025891974e-05,0,1.61421282104675e-06,6.45685128418701e-06,4.84263846314026e-06,1.61421282104675e-06,0.000150121792357348,7.26395769471039e-05,0.000334142053956678,0,4.84263846314026e-06,5.64974487366363e-05,1.9370553852561e-05,3.38984692419818e-05,9.68527692628052e-06,1.45279153894208e-05,8.07106410523376e-06,2.49841820192763e-05,6.29543000208234e-05,0.000103309620546992,1.9370553852561e-05,2.5827405136748e-05,0.000150121792357348,0.00132688293890043,5.97258743787298e-05,0.000632771425850327,0.000347055756525052,1.61421282104675e-06,0.000125908600041647,2.74416179577948e-05,4.03553205261688e-05,1.61421282104675e-06,9.03959179786182e-05
"2","02",7.40648845421031e-05,0,5.55486634065773e-06,5.55486634065773e-06,5.55486634065773e-06,3.70324422710516e-06,0.000175904100787495,0.000125910303721575,0.000268485206465124,0,0,8.88778614505237e-05,2.77743317032887e-05,2.59227095897361e-05,1.2961354794868e-05,3.70324422710516e-05,1.48129769084206e-05,4.82278551761645e-05,4.44389307252619e-05,0.000133316792175786,3.14775759303938e-05,4.44389307252619e-05,0.000211084920944994,0.00141463929475417,4.07356864981567e-05,0.000822120218417345,0.000322182247758149,7.40648845421031e-06,7.59165066556557e-05,9.25811056776289e-06,6.48067739743402e-05,1.85162211355258e-06,7.03616403149979e-05
"3","03",8.44419985382799e-05,0,8.7353791591324e-06,8.7353791591324e-06,8.7353791591324e-06,5.82358610608827e-06,0.000273708546986149,0.000200913720660045,0.000358150545524429,0,0,6.4059447166971e-05,2.91179305304413e-05,2.91179305304413e-05,1.45589652652207e-05,3.20297235834855e-05,1.16471722121765e-05,5.09476767733324e-05,1.16471722121765e-05,0.000131030687386986,1.74707583182648e-05,4.65886888487062e-05,0.000195090134553957,0.00124915921975593,8.44419985382799e-05,0.000495004819017503,0.000430945371850532,1.16471722121765e-05,7.27948263261034e-05,2.62061374773972e-05,5.53240680078386e-05,0,7.27948263261034e-05
"4","04",0.000179105215049779,0,6.17604189826824e-06,1.23520837965365e-05,6.17604189826824e-06,6.17604189826824e-06,0.000333506262506485,0.000253217717828998,0.0005249635613528,0,0,2.4704167593073e-05,5.55843770844141e-05,8.64645865757553e-05,1.23520837965365e-05,6.17604189826824e-06,1.85281256948047e-05,5.10270720542441e-05,6.17604189826824e-06,0.000129696879863633,3.08802094913412e-05,5.55843770844141e-05,0.000222337508337657,0.00138343338521209,0.000172929173151511,0.00041997084908224,0.000469379184268386,0,7.41125027792189e-05,1.85281256948047e-05,7.41125027792189e-05,1.85281256948047e-05,0.000135872921761901
"5","05",0.000157956332253965,0,7.17983328427114e-06,7.17983328427114e-06,7.17983328427114e-06,7.17983328427114e-06,0.000323092497792201,0.00031591266450793,0.00063182532901586,0,0,7.17983328427114e-05,5.0258832989898e-05,0.000143596665685423,2.87193331370846e-05,3.58991664213557e-05,2.15394998528134e-05,5.32491271217139e-05,1.43596665685423e-05,0.000107697499264067,3.58991664213557e-05,3.58991664213557e-05,0.000179495832106778,0.00265653831518032,0.000330272331076472,0.00106261532607213,0.000703623661858572,7.17983328427114e-06,0.000136416832401152,2.15394998528134e-05,7.17983328427114e-05,8.61579994112536e-05,0.000236934498380948
"6","06",3.70106155698108e-05,0,1.85053077849054e-06,5.55159233547162e-06,2.77579616773581e-06,3.70106155698108e-06,0.000127686623715847,5.73664541332068e-05,0.00105572780912885,2.77579616773581e-06,3.70106155698108e-06,3.70106155698108e-05,2.96084924558486e-05,3.4234819402075e-05,7.40212311396216e-06,1.57295116171696e-05,1.0177919281698e-05,3.20512237724455e-05,2.77579616773581e-05,8.97507427567912e-05,2.03558385633959e-05,4.16369425160372e-05,0.000151743523836224,0.000486689594743012,5.45906579654709e-05,0.000210035243358676,0.000137864542997545,9.2526538924527e-07,2.68326962881128e-05,1.75800423956601e-05,9.2526538924527e-06,2.77579616773581e-06,2.68326962881128e-05
"7","07",0.000109245612228017,0,3.12130320651478e-06,9.36390961954435e-06,6.24260641302957e-06,3.12130320651478e-06,0.000230976437282094,0.00028715989499936,0.000405769416846922,0,0,0,5.61834577172661e-05,5.93047609237809e-05,6.24260641302957e-06,2.80917288586331e-05,1.24852128260591e-05,5.33433318776681e-05,9.36390961954435e-05,0.000127973431467106,2.80917288586331e-05,4.05769416846922e-05,0.000196642102010431,0.0012453999793994,7.178997374984e-05,0.000511893725868425,0.000477559390596762,0,4.99408513042365e-05,3.12130320651478e-06,4.99408513042365e-05,3.12130320651478e-06,7.80325801628696e-05
"8","08",0.000124596396672208,0,3.55989704777738e-06,7.11979409555476e-06,3.55989704777738e-06,3.55989704777738e-06,0.000206474028771088,0.000113916705528876,0.000416507954589953,0,1.06796911433321e-05,8.18776320988797e-05,3.20390734299964e-05,3.55989704777738e-05,1.06796911433321e-05,8.18776320988797e-05,1.42395881911095e-05,3.16392177650092e-05,4.62786616211059e-05,0.000142395881911095,1.77994852388869e-05,4.27187645733285e-05,0.000202914131723311,0.00121748479033986,4.62786616211059e-05,0.000711979409555476,0.000291911557917745,0,7.11979409555476e-05,1.06796911433321e-05,3.20390734299964e-05,3.55989704777738e-06,4.98385586688833e-05
"9","09",0.00013098949464253,0,6.54947473212648e-06,1.3098949464253e-05,6.54947473212648e-06,6.54947473212648e-06,0.000412616908123968,0.000235781090356553,0.000340572686070577,0,0,7.85936967855178e-05,2.61978989285059e-05,5.23957978570119e-05,0,2.61978989285059e-05,1.96484241963794e-05,2.71587718127029e-05,7.20442220533913e-05,0.000124440019910403,3.92968483927589e-05,3.27473736606324e-05,0.000203033716695921,0.00191244662178093,0.000176835817767415,0.000772838018390925,0.000720442220533913,6.54947473212648e-06,7.85936967855178e-05,1.3098949464253e-05,5.23957978570119e-05,0,9.16926462497708e-05
"10","10",9.13298606241091e-05,0,3.26178073657533e-06,3.26178073657533e-06,3.26178073657533e-06,3.26178073657533e-06,0.000150041913882465,8.15445184143831e-05,0.000260942458926026,0,0,1.63089036828766e-05,3.58795881023286e-05,1.9570684419452e-05,1.63089036828766e-05,5.54502725217805e-05,9.78534220972598e-06,4.26619853853445e-05,0,0.000110900545043561,2.93560266291779e-05,3.58795881023286e-05,0.000176136159775068,0.000779565596041503,3.91413688389039e-05,0.000156565475355616,0.000450125741647395,0,6.52356147315065e-05,9.78534220972598e-06,2.93560266291779e-05,3.26178073657533e-06,2.60942458926026e-05
"11","11",9.3182086018028e-05,0,5.48129917753106e-06,5.48129917753106e-06,5.48129917753106e-06,5.48129917753106e-06,0.000326137301063098,0.00028228690764285,0.00046591043009014,2.74064958876553e-06,5.48129917753106e-06,4.38503934202485e-05,2.46658462988898e-05,3.56284446539519e-05,1.09625983550621e-05,4.6591043009014e-05,1.64438975325932e-05,4.67926985169995e-05,4.6591043009014e-05,9.04414364292625e-05,2.46658462988898e-05,2.74064958876553e-05,0.000142513778615808,0.0015183198721761,9.3182086018028e-05,0.000750937987321755,0.000509760823510388,0,4.6591043009014e-05,8.22194876629659e-06,4.11097438314829e-05,2.74064958876553e-06,6.57755901303727e-05
"12","12",0.000158421545330165,0,3.60048966659466e-06,7.20097933318931e-06,7.20097933318931e-06,3.60048966659466e-06,0.000288039173327573,0.000342046518326492,0.000255634766328221,3.60048966659466e-06,0,7.20097933318931e-05,3.60048966659466e-05,4.68063656657305e-05,2.88039173327573e-05,5.76078346655145e-05,1.80024483329733e-05,8.01888728739965e-05,4.68063656657305e-05,0.000151220565996976,3.60048966659466e-05,4.32058759991359e-05,0.000234031828328653,0.0015518110463023,0.000172823503996544,0.000475264635990495,0.000698494995319363,3.60048966659466e-06,4.68063656657305e-05,1.44019586663786e-05,6.48088139987038e-05,3.60048966659466e-06,7.20097933318931e-05
"13","13",1.75599055958042e-05,5.01711588451549e-07,1.50513476535465e-06,3.01026953070929e-06,2.00684635380619e-06,2.00684635380619e-06,0.000106362856751728,5.01711588451549e-06,0.000769625576684675,5.01711588451549e-07,2.00684635380619e-06,2.1071886714965e-05,2.45838678341259e-05,2.80958489532867e-05,5.01711588451549e-06,2.5587291011029e-05,1.0034231769031e-05,2.99056519676136e-05,4.26454850183816e-05,9.73320481596004e-05,3.91335038992208e-05,4.46523313721878e-05,0.000181619595019461,0.00035972720891976,4.81643124913487e-05,0.000103352587221019,0.000110376549459341,2.00684635380619e-06,3.81300807223177e-05,8.52909700367632e-06,1.5553059241998e-05,1.0034231769031e-06,3.26112532493507e-05
"14","14",5.79756357390807e-05,1.44939089347702e-06,2.89878178695403e-06,4.34817268043105e-06,2.89878178695403e-06,2.89878178695403e-06,0.000173926907217242,6.81213719934198e-05,0.000256542188145432,2.89878178695403e-06,0,3.18865996564944e-05,2.46396451891093e-05,2.75384269760633e-05,1.01457362543391e-05,4.05829450173565e-05,1.73926907217242e-05,4.66973701873579e-05,0.000121748835052069,0.000117400662371638,2.75384269760633e-05,4.78298994847415e-05,0.00019421837972592,0.000826152809281899,5.07286812716956e-05,0.000326112951032329,0.000286979396908449,4.34817268043105e-06,5.36274630586496e-05,2.02914725086782e-05,2.17408634021552e-05,1.44939089347702e-06,6.08744175260347e-05
"15","15",0.000183629748019179,0,6.80110177848811e-06,1.36022035569762e-05,6.80110177848811e-06,6.80110177848811e-06,0.000292447376474989,0.000394463903152311,0.000510082633386608,6.80110177848811e-06,0,0.000102016526677322,4.76077124494168e-05,6.1209916006393e-05,2.72044071139525e-05,2.72044071139525e-05,2.04033053354643e-05,6.14549619545449e-05,1.36022035569762e-05,0.000190430849797667,1.36022035569762e-05,4.76077124494168e-05,0.000258441867582548,0.00167987213928656,0.00025164076580406,0.000537287040500561,0.000666507974291835,0,5.44088142279049e-05,4.08066106709287e-05,6.80110177848811e-05,6.80110177848811e-06,5.44088142279049e-05
"16","16",8.48699509451684e-05,0,2.82899836483894e-06,5.65799672967789e-06,2.82899836483894e-06,2.82899836483894e-06,0.000203687882268404,0.0002687548446597,0.000265925846294861,0,5.65799672967789e-06,3.39479803780673e-05,2.82899836483895e-05,3.11189820132284e-05,1.69739901890337e-05,3.67769787429063e-05,1.41449918241947e-05,3.66795849363198e-05,5.0921970567101e-05,0.000127304926417753,2.82899836483895e-05,3.39479803780673e-05,0.000192371888809048,0.00107219038027396,6.50669623912957e-05,0.000359282792334546,0.000469613728563265,2.82899836483894e-06,8.48699509451684e-05,1.13159934593558e-05,3.39479803780673e-05,5.65799672967789e-06,3.96059771077452e-05
"17","17",6.78857687747566e-05,0,3.15747761743054e-06,6.31495523486108e-06,4.73621642614581e-06,3.15747761743054e-06,0.000178397485384825,0.000175240007767395,0.000315747761743054,1.57873880871527e-06,3.15747761743054e-06,3.94684702178817e-05,2.52598209394443e-05,3.47322537917359e-05,6.31495523486108e-06,3.47322537917359e-05,1.7366126895868e-05,4.03245992866072e-05,6.31495523486108e-05,9.63030673316315e-05,1.7366126895868e-05,2.99960373655901e-05,0.000145243970401805,0.00120299897224104,9.47243285229162e-05,0.000445204344057706,0.000438889388822845,9.47243285229162e-06,5.8413335922465e-05,1.7366126895868e-05,3.47322537917359e-05,0,0.000104196761375208
"18","18",8.66356489651853e-05,3.20872773945131e-06,3.20872773945131e-06,6.41745547890261e-06,3.20872773945131e-06,3.20872773945131e-06,0.000218193486282689,0.000240654580458848,0.00039146478421306,0,3.20872773945131e-06,5.13396438312209e-05,1.60436386972565e-05,2.24610941761592e-05,1.92523664367078e-05,1.60436386972565e-05,9.62618321835392e-06,5.42447327716488e-05,0,9.94705599229905e-05,2.88785496550618e-05,3.20872773945131e-05,0.000160436386972565,0.00112947216428686,6.41745547890261e-05,0.000407508422910316,0.000401090967431413,9.62618321835392e-06,8.66356489651853e-05,1.92523664367078e-05,4.81309160917696e-05,3.20872773945131e-06,8.98443767046366e-05
"19","19",0.000120441396954079,0,4.15315161910616e-06,8.30630323821232e-06,8.30630323821232e-06,4.15315161910616e-06,0.000340558432766705,0.000294873764956537,0.000423621465148828,4.15315161910616e-06,4.15315161910616e-06,0.000120441396954079,3.32252129528493e-05,2.49189097146369e-05,2.49189097146369e-05,3.73783645719554e-05,1.66126064764246e-05,6.96156986728641e-05,5.39909710483801e-05,0.000124594548573185,3.32252129528493e-05,4.15315161910616e-05,0.000203504429336202,0.00161142282821319,0.000137054003430503,0.000751720443058215,0.000539909710483801,0,4.56846678101677e-05,2.90720613337431e-05,6.64504259056985e-05,4.15315161910616e-06,3.73783645719554e-05
"20","21",6.9842815911326e-05,1.88764367327908e-06,1.88764367327908e-06,5.66293101983725e-06,1.88764367327908e-06,1.88764367327908e-06,0.000156674424882164,0.00014346091916921,0.000379416378329095,1.88764367327908e-06,5.66293101983725e-06,7.17304595846051e-05,3.58652297923026e-05,2.83146550991862e-05,1.13258620396745e-05,5.09663791785352e-05,1.32135057129536e-05,2.94515020668076e-05,0,0.000105708045703629,1.13258620396745e-05,4.5303448158698e-05,0.00016422499957528,0.000821124997876401,6.22922412182097e-05,0.000211416091407257,0.000352989366903188,1.88764367327908e-06,8.49439652975587e-05,1.69887930595117e-05,2.45393677526281e-05,1.88764367327908e-06,6.41798848914888e-05
"21","22",7.53661538976863e-05,0,1.67480341994858e-06,5.02441025984575e-06,5.02441025984575e-06,1.67480341994858e-06,0.000209350427493573,0.000122260649656247,0.000283041777971311,3.34960683989717e-06,8.37401709974292e-06,5.52685128583033e-05,2.34472478792802e-05,2.51220512992288e-05,1.00488205196915e-05,5.35937094383547e-05,1.00488205196915e-05,3.82542317606307e-05,2.34472478792802e-05,0.000135659077015835,2.51220512992288e-05,3.68456752388688e-05,0.000199301606973881,0.00133146871885912,4.35448889186632e-05,0.000715141060318045,0.000370131555808637,1.00488205196915e-05,5.35937094383547e-05,2.34472478792802e-05,4.35448889186632e-05,1.67480341994858e-06,7.03417436378405e-05
"22","23",0.000206830366007016,0,8.27321464028063e-06,8.27321464028063e-06,8.27321464028063e-06,8.27321464028063e-06,0.000512939307697399,0.000413660732014031,0.000637037527301608,0,8.27321464028063e-06,9.10053610430869e-05,4.96392878416838e-05,5.79125024819644e-05,4.13660732014031e-05,0.000140644648884771,1.65464292805613e-05,3.83379436844477e-05,3.30928585611225e-05,0.000148917863525051,3.30928585611225e-05,4.13660732014031e-05,0.000223376795287577,0.00146435899132967,4.13660732014031e-05,0.000703223244423853,0.000504666093057118,0,0.000124098219604209,1.65464292805613e-05,4.96392878416838e-05,0,2.48196439208419e-05
"23","24",0.000117531643596085,0,4.79720994269733e-06,7.19581491404599e-06,4.79720994269733e-06,4.79720994269733e-06,0.000280636781647794,0.000261447941877004,0.000400567030215227,4.79720994269733e-06,0,0.000110335828682039,3.11818646275326e-05,4.07762845129273e-05,9.59441988539465e-06,2.39860497134866e-05,9.59441988539465e-06,3.18811296353718e-05,1.19930248567433e-05,0.000110335828682039,3.11818646275326e-05,2.8783259656184e-05,0.000172699557937104,0.00142477135298111,0.000139119088338222,0.000489315414155127,0.000551679143410193,4.79720994269733e-06,7.67553590831572e-05,3.83776795415786e-05,4.79720994269733e-05,0,7.67553590831572e-05
"24","25",6.75016875421885e-05,1.8750468761719e-06,3.75009375234381e-06,5.62514062851571e-06,3.75009375234381e-06,1.8750468761719e-06,0.000170629265731643,7.50018750468762e-05,0.000255006375159379,1.8750468761719e-06,5.62514062851571e-06,6.00015000375009e-05,2.25005625140629e-05,2.62506562664067e-05,1.31253281332033e-05,3.75009375234381e-05,9.37523438085952e-06,3.92140473062563e-05,1.50003750093752e-05,0.000114377859446486,3.18757968949224e-05,2.62506562664067e-05,0.000174379359483987,0.000920648016200405,5.06262656566414e-05,0.000322508062701568,0.000326258156453911,0,8.06270156753919e-05,9.37523438085952e-06,4.12510312757819e-05,3.75009375234381e-06,8.62521563039076e-05
"25","26",7.27696114102751e-05,0,2.02137809472986e-06,6.06413428418959e-06,4.04275618945973e-06,2.02137809472986e-06,0.000212244699946636,9.29833923575737e-05,0.000307249470398939,0,6.06413428418959e-06,2.62779152314882e-05,2.62779152314882e-05,2.62779152314882e-05,8.08551237891945e-06,2.42565371367584e-05,1.21282685683792e-05,2.54023646800957e-05,4.64916961787869e-05,0.000103090282831223,2.22351590420285e-05,4.85130742735167e-05,0.000175859894241498,0.000855042934070732,0.000109154417115413,0.00030118533611475,0.000280971555167451,2.02137809472986e-06,2.62779152314882e-05,1.61710247578389e-05,3.03206714209479e-05,2.02137809472986e-06,8.69192580733841e-05
"26","27",6.0499829424092e-05,0,1.68055081733589e-06,5.04165245200767e-06,5.04165245200767e-06,3.36110163467178e-06,0.000154610675194902,5.71387277894203e-05,0.000364679527361888,0,0,3.52915671640537e-05,2.52082622600383e-05,3.19304655293819e-05,8.40275408667945e-06,3.36110163467178e-05,1.34444065386871e-05,2.75372419390471e-05,7.39442359627792e-05,0.000112596904761505,1.68055081733589e-05,3.52915671640537e-05,0.000164693980098917,0.000996566634680183,3.52915671640537e-05,0.000472234779671385,0.000317624104476483,1.68055081733589e-06,7.39442359627792e-05,1.17638557213512e-05,2.01666098080307e-05,1.68055081733589e-06,6.21803802414279e-05
"27","28",6.00507659937131e-05,0,2.30964484591204e-06,4.61928969182409e-06,6.92893453773613e-06,2.30964484591204e-06,0.000131649756216987,9.70050835283058e-05,0.000450380744952849,0,0,6.92893453773613e-05,2.30964484591204e-05,3.00253829968566e-05,9.23857938364818e-06,2.07868036132084e-05,1.15482242295602e-05,2.71969444295041e-05,1.61675139213843e-05,0.00011317259744969,2.54060933050325e-05,2.30964484591204e-05,0.000163984784059755,0.00131418791732395,6.69797005314493e-05,0.000665177715622669,0.00033951779234907,4.61928969182409e-06,8.77665041446577e-05,2.07868036132084e-05,5.3121831455977e-05,2.30964484591204e-06,7.39086350691854e-05
"28","29",5.08894029456114e-05,0,2.21258273676571e-06,3.31887410514857e-06,3.31887410514857e-06,2.21258273676571e-06,0.000159305957047131,0.00010067251452284,0.00041817813724872,3.31887410514857e-06,6.63774821029714e-06,1.65943705257428e-05,2.54447014728057e-05,3.31887410514857e-05,1.32754964205943e-05,7.85466871551828e-05,1.32754964205943e-05,3.64014167813503e-05,2.65509928411886e-05,0.000125010924627263,2.10195359992743e-05,4.53579461036971e-05,0.000192494698098617,0.000865119850075394,5.420827705076e-05,0.000318611914094263,0.000225683439150103,8.85033094706285e-06,8.40781439970971e-05,9.95662231544571e-06,4.09327806301657e-05,1.10629136838286e-06,0.000121692050522114
"29","2A",0.000147419488856427,0,6.70088585711031e-06,6.70088585711031e-06,6.70088585711031e-06,6.70088585711031e-06,0.000381950493855288,0.000187624803999089,0.000770601873567686,1.34017717142206e-05,0,0,4.02053151426618e-05,6.03079727139928e-05,2.01026575713309e-05,6.70088585711031e-06,3.35044292855515e-05,4.97400968550424e-05,6.03079727139928e-05,0.000100513287856655,1.34017717142206e-05,4.02053151426618e-05,0.000160821260570647,0.000321642521141295,3.35044292855515e-05,0,0.000247932776713081,0,2.68035434284412e-05,1.34017717142206e-05,0,0,0
"30","2B",0.000134523377823529,5.84884251406647e-06,5.84884251406647e-06,5.84884251406647e-06,5.84884251406647e-06,5.84884251406647e-06,0.000421116661012785,0.000175465275421994,0.000684314574145776,1.16976850281329e-05,0,0,4.09418975984653e-05,1.75465275421994e-05,1.75465275421994e-05,2.92442125703323e-05,1.75465275421994e-05,4.82595168744689e-05,5.26395826265982e-05,9.35814802250634e-05,1.16976850281329e-05,3.50930550843988e-05,0.000140372220337595,0.000631674991519178,0.000140372220337595,4.09418975984653e-05,0.000362628235872121,5.84884251406647e-06,1.75465275421994e-05,1.75465275421994e-05,3.50930550843988e-05,0,1.16976850281329e-05
"31","30",6.13747117093403e-05,1.36388248242978e-06,2.72776496485957e-06,4.09164744728935e-06,2.72776496485957e-06,1.36388248242978e-06,0.00018821578257531,8.1832948945787e-05,0.000432350746930242,1.36388248242978e-06,1.36388248242978e-06,4.63720044026127e-05,2.72776496485957e-05,3.00054146134552e-05,1.36388248242978e-05,2.31860022013063e-05,8.1832948945787e-06,3.37789260864537e-05,1.22749423418681e-05,0.000100927303699804,2.31860022013063e-05,3.00054146134552e-05,0.000154118720514566,0.000842879374141606,7.09218890863488e-05,0.000294598616204833,0.000305509676064272,2.72776496485957e-06,5.45552992971914e-05,8.1832948945787e-06,4.22803569553233e-05,0,6.41024766741998e-05
"32","31",4.08143777501575e-05,7.70082599059575e-07,7.70082599059575e-07,2.31024779717873e-06,1.54016519811915e-06,7.70082599059575e-07,0.000133994372236366,3.0803303962383e-05,0.000410454025298754,7.70082599059575e-07,7.70082599059575e-07,3.85041299529788e-05,2.31024779717873e-05,2.77229735661447e-05,6.1606607924766e-06,3.54237995567405e-05,7.70082599059575e-06,2.57282279832739e-05,4.00442951510979e-05,8.93295814909107e-05,2.46426431699064e-05,3.46537169576809e-05,0.000149396024217558,0.000767002268663337,4.92852863398128e-05,0.000312653535218188,0.00027260924006709,2.31024779717873e-06,4.31246255473362e-05,9.2409911887149e-06,2.0022147575549e-05,2.31024779717873e-06,5.54459471322894e-05
"33","32",0.000147154659547184,0,5.25552355525657e-06,1.05110471105131e-05,5.25552355525657e-06,5.25552355525657e-06,0.000273287224873342,0.000162921230212954,0.000299564842649625,0,0,2.10220942210263e-05,4.72997119973092e-05,6.30662826630789e-05,2.62776177762829e-05,2.10220942210263e-05,1.05110471105131e-05,2.34235609567938e-05,7.88328533288486e-05,0.000147154659547184,1.57665706657697e-05,5.25552355525657e-05,0.00021547646576552,0.00194979923900019,0.000178687800878724,0.000825117198175282,0.000725262250625407,5.25552355525657e-06,5.78107591078223e-05,3.6788664886796e-05,4.20441884420526e-05,0,7.88328533288486e-05
"34","33",4.11818664286089e-05,6.64223652074337e-07,1.32844730414867e-06,1.99267095622301e-06,1.32844730414867e-06,1.32844730414867e-06,0.000160077900149915,7.30646017281771e-05,0.00049152550253501,6.64223652074337e-07,3.32111826037169e-06,4.18460900806832e-05,2.52404987788248e-05,2.19193805184531e-05,3.32111826037169e-06,3.91891954723859e-05,9.96335478111506e-06,3.02932327981672e-05,1.72698149539328e-05,8.96701930300355e-05,2.92258406912708e-05,3.45396299078655e-05,0.000154764110933321,0.00060643619434387,3.78607481682372e-05,0.000162734794758213,0.000247755422223728,6.64223652074337e-07,4.64956556452036e-05,1.12918020852637e-05,3.18827352995682e-05,1.32844730414867e-06,6.64223652074337e-05
"35","34",3.84498837806489e-05,9.15473423348784e-07,1.83094684669757e-06,2.74642027004635e-06,2.74642027004635e-06,1.83094684669757e-06,0.000167531636472827,6.774503332781e-05,0.000358865581952723,1.83094684669757e-06,3.66189369339513e-06,1.73939950436269e-05,3.29570432405562e-05,3.11260963938586e-05,8.23926081013905e-06,1.64785216202781e-05,1.09856810801854e-05,2.95035107115142e-05,2.92951495471611e-05,9.33782891815759e-05,2.19713621603708e-05,3.29570432405562e-05,0.000149222168005852,0.000761673888226188,4.48581977440904e-05,0.000295697915741657,0.000251755191420915,0,4.2111777474044e-05,1.00702076568366e-05,3.93653572039977e-05,9.15473423348784e-07,7.68997675612978e-05
"36","35",4.11795792427468e-05,9.80466172446351e-07,1.9609323448927e-06,3.92186468978541e-06,1.9609323448927e-06,1.9609323448927e-06,0.000124519203900687,7.74568276232618e-05,0.000267667265077854,1.9609323448927e-06,4.90233086223176e-06,4.01991130703004e-05,2.64725866560515e-05,2.84335190009442e-05,7.84372937957081e-06,6.07889026916738e-05,8.82419555201716e-06,3.12278717493154e-05,4.90233086223176e-05,0.000102948948106867,1.86288572764807e-05,3.82381807254077e-05,0.000161776918453648,0.00048631122153339,2.84335190009442e-05,7.74568276232618e-05,0.000218643956455536,3.92186468978541e-06,5.5886571829442e-05,9.80466172446351e-06,4.51014439325322e-05,9.80466172446351e-07,4.60819101049785e-05
"37","36",9.64527315852006e-05,0,4.38421507205458e-06,4.38421507205458e-06,4.38421507205458e-06,4.38421507205458e-06,0.000263052904323274,0.000227979183746838,0.000381426711268748,4.38421507205458e-06,4.38421507205458e-06,6.1379011008764e-05,2.19210753602729e-05,3.94579356484912e-05,1.75368602882183e-05,3.0689505504382e-05,1.31526452161637e-05,3.87113211631533e-05,1.75368602882183e-05,0.000140294882305746,2.63052904323274e-05,4.38421507205457e-05,0.000214826538530674,0.00163531222187636,8.76843014410915e-05,0.000754084992393387,0.000552411099078876,8.76843014410915e-06,7.01474411528732e-05,1.75368602882183e-05,7.45316562249278e-05,4.38421507205458e-06,6.57632260808186e-05
"38","37",4.99790088162972e-05,0,1.66596696054324e-06,1.66596696054324e-06,1.66596696054324e-06,1.66596696054324e-06,0.000181590398699213,0.000131611389882916,0.000409827872293637,1.66596696054324e-06,3.33193392108648e-06,7.16365793033593e-05,2.16575704870621e-05,2.49895044081486e-05,3.33193392108648e-06,1.99916035265189e-05,1.16617687238027e-05,1.9519738661126e-05,4.99790088162972e-06,0.000119949621159113,2.83214383292351e-05,3.33193392108648e-05,0.000181590398699213,0.00103123354857626,7.33025462639025e-05,0.000429819475820156,0.000301540019858326,3.33193392108648e-06,6.49727114611863e-05,1.33277356843459e-05,1.16617687238027e-05,4.99790088162972e-06,0.000128279455961829
"39","38",4.85677767371682e-05,8.0946294561947e-07,2.42838883685841e-06,2.42838883685841e-06,2.42838883685841e-06,1.61892589123894e-06,0.000127895145407876,8.58030722356638e-05,0.000382875973278009,8.0946294561947e-07,8.0946294561947e-07,3.31879807703983e-05,1.78081848036283e-05,1.94271106948673e-05,8.0946294561947e-06,2.18554995317257e-05,7.28516651057523e-06,2.57094325756407e-05,9.3088238746239e-05,0.000100373405256814,2.10460365861062e-05,4.37109990634514e-05,0.000165939903851991,0.000901741721420089,7.85179057250886e-05,0.000364258325528761,0.000283312030966814,1.61892589123894e-06,6.63759615407965e-05,7.28516651057523e-06,2.42838883685841e-05,5.66624061933629e-06,7.04232762688939e-05
"40","39",0.000119001005750436,0,3.8387421209818e-06,1.15162263629454e-05,7.67748424196359e-06,3.8387421209818e-06,0.000176582137565163,0.000245679495742835,0.000291744401194617,3.8387421209818e-06,7.67748424196359e-06,7.67748424196359e-05,4.22261633307998e-05,7.29361002986541e-05,1.53549684839272e-05,6.14198739357088e-05,1.9193710604909e-05,4.98818955144489e-05,3.45486790888362e-05,0.000145872200597308,3.45486790888362e-05,4.99036475727634e-05,0.00023416326937989,0.000925136851156613,7.29361002986541e-05,0.000310938111799526,0.000295583143315598,0,9.59685530245449e-05,2.30324527258908e-05,4.22261633307998e-05,3.8387421209818e-06,8.06135845406177e-05
"41","40",9.06285087078892e-05,0,5.03491715043829e-06,5.03491715043829e-06,5.03491715043829e-06,5.03491715043829e-06,0.000219018896044066,0.000156082431663587,0.000365031493406776,0,2.51745857521914e-06,3.5244420053068e-05,1.7622210026534e-05,3.5244420053068e-05,1.51047514513149e-05,1.7622210026534e-05,1.51047514513149e-05,2.04429127630083e-05,5.03491715043829e-06,0.000115803094460081,2.51745857521914e-05,2.51745857521914e-05,0.000168669724539683,0.00119831028180431,8.55935915574509e-05,0.000385171162008529,0.00050097425646861,2.51745857521914e-06,5.03491715043829e-05,2.76920443274106e-05,6.79713815309169e-05,0,7.80412158317935e-05
"42","41",7.22889388887383e-05,0,3.0120391203641e-06,3.0120391203641e-06,3.0120391203641e-06,3.0120391203641e-06,0.000207830699305123,0.000135541760416384,0.000370480811804784,0,6.02407824072819e-06,9.3373212731287e-05,2.40963129629128e-05,3.61444694443692e-05,6.02407824072819e-06,2.40963129629128e-05,9.03611736109229e-06,5.1347968784805e-05,6.02407824072819e-06,0.000114457486573836,1.20481564814564e-05,3.31324303240051e-05,0.000159638073379297,0.00105421369212743,9.63852518516511e-05,0.00031626410763823,0.00044879382893425,6.02407824072819e-06,6.3252821527646e-05,1.50601956018205e-05,3.61444694443692e-05,3.0120391203641e-06,6.92768997683742e-05
"43","42",4.09665461897808e-05,0,2.64300297998586e-06,3.96450446997879e-06,3.96450446997879e-06,2.64300297998586e-06,0.000151972671349187,6.60750744996465e-05,0.000282801318858487,1.32150148999293e-06,1.32150148999293e-06,3.7002041719802e-05,2.64300297998586e-05,3.30375372498233e-05,1.05720119199434e-05,2.24655253298798e-05,1.45365163899222e-05,3.37131059138942e-05,5.15385581097243e-05,0.000101755614729456,4.62525521497525e-05,4.22880476797738e-05,0.000191617716048975,0.000939587559384973,3.56805402298091e-05,0.000462525521497525,0.000299980838228395,3.96450446997879e-06,5.94675670496818e-05,6.60750744996465e-06,2.24655253298798e-05,2.64300297998586e-06,4.62525521497525e-05
"44","43",0.000145886659328126,0,4.42080785842805e-06,4.42080785842805e-06,4.42080785842805e-06,4.42080785842805e-06,0.000265248471505683,0.00018125312219555,0.000419976746550665,4.42080785842805e-06,0,7.95745414517049e-05,2.65248471505683e-05,4.86288864427085e-05,2.21040392921402e-05,2.21040392921402e-05,8.8416157168561e-06,1.90182516910222e-05,0,0.00018125312219555,2.65248471505683e-05,4.86288864427085e-05,0.000260827663647255,0.00139255447540484,0.000110520196460701,0.000557021790161934,0.000486288864427085,0,5.30496943011366e-05,1.76832314337122e-05,8.39953493101329e-05,0,8.39953493101329e-05
"45","44",3.61277114600111e-05,0,1.5053213108338e-06,1.5053213108338e-06,1.5053213108338e-06,1.5053213108338e-06,0.000133973596664208,3.31170688383435e-05,0.000258162604807996,1.5053213108338e-06,6.02128524333519e-06,3.16117475275097e-05,2.33324803179239e-05,2.40851409733408e-05,1.12899098312535e-05,4.4406978669597e-05,3.76330327708449e-06,2.33001449375231e-05,2.33324803179239e-05,0.00010913579503545,2.10744983516732e-05,3.98910147370956e-05,0.000170853968779636,0.000724059550511057,8.12873507850251e-05,0.000209992322861315,0.000191175806475892,3.76330327708449e-06,8.2040011440442e-05,1.43005524529211e-05,4.74176212912646e-05,1.5053213108338e-06,9.25772606162785e-05
"46","45",4.05656961449067e-05,1.5024331905521e-06,3.0048663811042e-06,3.0048663811042e-06,3.0048663811042e-06,1.5024331905521e-06,0.000135218987149689,6.15997608126361e-05,0.000414671560592379,0,1.5024331905521e-06,3.0048663811042e-05,2.40389310488336e-05,2.85462306204899e-05,7.5121659527605e-06,1.65267650960731e-05,1.05170323338647e-05,3.00628771153531e-05,1.5024331905521e-06,0.000103667890148095,2.25364978582815e-05,2.55413642393857e-05,0.000153248185436314,0.000820328522041446,7.36192263370529e-05,0.000265930674727722,0.000306496370872628,4.5072995716563e-06,4.5072995716563e-05,1.20194655244168e-05,4.35705625260109e-05,1.5024331905521e-06,6.76094935748445e-05
"47","46",0.000149633398174473,0,5.75513069901817e-06,1.15102613980363e-05,5.75513069901817e-06,5.75513069901817e-06,0.000276246273552872,0.000247470620057782,0.000305021927047963,0,0,0.000103592352582327,4.02859148931272e-05,4.60410455921454e-05,1.15102613980363e-05,6.90615683882181e-05,2.30205227960727e-05,2.6341361777889e-05,0.000109347483281345,0.000132368006077418,2.30205227960727e-05,4.60410455921454e-05,0.000201429574465636,0.0019624995683652,0.000207184705164654,0.000869024735551744,0.000742411860173345,0,6.90615683882181e-05,1.72653920970545e-05,5.75513069901817e-06,0,5.17961762911636e-05
"48","47",0.000105048322228225,3.00138063509214e-06,3.00138063509214e-06,9.00414190527643e-06,6.00276127018429e-06,3.00138063509214e-06,0.000213098025091542,0.000195089741280989,0.000312143586049583,3.00138063509214e-06,3.00138063509214e-06,3.60165676211057e-05,3.90179482561979e-05,4.50207095263822e-05,9.00414190527643e-06,3.30151869860136e-05,1.50069031754607e-05,5.32939228081968e-05,2.1009664445645e-05,0.000111051083498409,2.1009664445645e-05,3.30151869860136e-05,0.00016807731556516,0.0012605798667387,0.000129059367308962,0.000474218140344559,0.000459211237169098,3.00138063509214e-06,5.70262320667507e-05,2.1009664445645e-05,5.70262320667507e-05,0,6.00276127018429e-05
"49","48",0.00032634093490151,0,1.30536373960604e-05,1.30536373960604e-05,1.30536373960604e-05,1.30536373960604e-05,0.000548252770634537,0.00030023366010939,0.000482984583654235,0,0,0.000274126385317269,7.83218243763625e-05,0.000104429099168483,3.91609121881812e-05,9.13754617724229e-05,1.30536373960604e-05,5.55540756304734e-05,0.000104429099168483,0.000234965473129087,1.30536373960604e-05,9.13754617724229e-05,0.000339394572297571,0.00212774289555785,0.000208858198336967,0.000861540068139987,0.000717950056783323,0,0.000117482736564544,3.91609121881812e-05,7.83218243763625e-05,0,0.000104429099168483
"50","49",4.74886620819279e-05,1.24970163373495e-06,1.24970163373495e-06,3.74910490120484e-06,2.49940326746989e-06,1.24970163373495e-06,0.000132468373175904,0.00011122344540241,0.000206200769566266,1.24970163373495e-06,2.49940326746989e-06,2.3744331040964e-05,2.62437343084339e-05,3.24922424771086e-05,7.49820980240967e-06,3.62413473783134e-05,4.99880653493978e-06,2.60269155571692e-05,2.2494629407229e-05,0.00011622225193735,1.74958228722892e-05,3.99904522795183e-05,0.000174958228722892,0.00144215568533013,8.24803078265064e-05,0.000718578439397594,0.000314924811701206,2.49940326746989e-06,0.000142465986245784,1.24970163373495e-05,4.49892588144581e-05,2.49940326746989e-06,0.00012122105847229
"51","50",8.80142583098462e-05,0,4.00064810499301e-06,6.00097215748951e-06,6.00097215748951e-06,4.00064810499301e-06,0.00016602689635721,6.80110177848811e-05,0.000182029488777182,2.0003240524965e-06,0,2.40038886299581e-05,3.00048607874476e-05,3.40055088924406e-05,8.00129620998602e-06,7.20116658898742e-05,1.40022683674755e-05,4.3136827562965e-05,0.000182029488777182,0.000148023979884741,2.60042126824546e-05,4.00064810499301e-05,0.000216034997669622,0.00112618244155553,4.60074532074196e-05,0.000482078096651658,0.000394063838341811,6.00097215748951e-06,6.20100456273916e-05,1.6002592419972e-05,3.40055088924406e-05,4.00064810499301e-06,8.20132861523567e-05
"52","51",6.8421172668724e-05,1.75438904278779e-06,3.50877808557559e-06,3.50877808557559e-06,5.26316712836338e-06,3.50877808557559e-06,0.000140351123423024,8.77194521393897e-05,0.000298246137273925,1.75438904278779e-06,7.01755617115118e-06,4.91228931980582e-05,2.45614465990291e-05,1.92982794706657e-05,1.57895013850901e-05,4.03509479841193e-05,1.57895013850901e-05,5.00935925754716e-05,1.05263342567268e-05,0.000107017731610055,1.22807232995146e-05,3.85965589413315e-05,0.000159649402893689,0.00111754582025583,5.0877282240846e-05,0.000470176263467129,0.000378948033242164,0,9.29826192677531e-05,8.77194521393897e-06,4.21053370269071e-05,5.26316712836338e-06,6.8421172668724e-05
"53","52",0.000148743120630671,0,5.50900446780262e-06,1.10180089356052e-05,5.50900446780262e-06,5.50900446780262e-06,0.000253414205518921,0.000325031263600355,0.000446229361892012,0,5.50900446780262e-06,8.26350670170393e-05,5.50900446780262e-05,4.4072035742421e-05,1.65270134034079e-05,4.95810402102236e-05,1.65270134034079e-05,7.23117337545023e-05,4.95810402102236e-05,0.000143234116162868,3.30540268068157e-05,4.4072035742421e-05,0.000225869183179908,0.00158108428225935,6.61080536136315e-05,0.000495810402102236,0.000716170580814341,0,8.8144071484842e-05,2.75450223390131e-05,6.05990491458289e-05,0,0.00012670710275946
"54","53",7.80487804878049e-05,0,3.2520325203252e-06,3.2520325203252e-06,3.2520325203252e-06,3.2520325203252e-06,0.000136585365853659,0.00016260162601626,0.000240650406504065,3.2520325203252e-06,3.2520325203252e-06,2.60162601626016e-05,3.2520325203252e-05,2.60162601626016e-05,1.30081300813008e-05,3.2520325203252e-05,1.30081300813008e-05,4.42344157348607e-05,2.92682926829268e-05,0.000139837398373984,2.27642276422764e-05,3.90243902439024e-05,0.000201626016260163,0.00173008130081301,6.17886178861789e-05,0.000861788617886179,0.000478048780487805,6.50406504065041e-06,9.75609756097561e-05,6.50406504065041e-06,6.50406504065041e-05,3.2520325203252e-06,0.000149593495934959
"55","54",4.65113733987776e-05,1.36798157055228e-06,2.73596314110456e-06,4.10394471165684e-06,2.73596314110456e-06,2.73596314110456e-06,0.000164157788466274,6.70310969570618e-05,0.000316003742797577,1.36798157055228e-06,4.10394471165684e-06,7.25030232392709e-05,3.00955945521502e-05,3.14635761227025e-05,1.50477972760751e-05,3.55675208343593e-05,1.23118341349705e-05,3.14277687721304e-05,2.32556866993888e-05,0.000112174488785287,2.73596314110456e-05,4.10394471165684e-05,0.000183309530454006,0.000860460407877385,4.3775410257673e-05,0.000372090987190221,0.00023392484856444,1.36798157055228e-06,6.97670600981664e-05,5.47192628220913e-06,4.78793549693299e-05,2.73596314110456e-06,8.34468758036892e-05
"56","55",0.000130144616698075,0,1.0411569335846e-05,1.0411569335846e-05,1.0411569335846e-05,5.205784667923e-06,0.000244671879392381,0.000255083448728227,0.000213437171384843,0,1.0411569335846e-05,5.205784667923e-05,2.6028923339615e-05,2.6028923339615e-05,2.0823138671692e-05,7.80867700188449e-05,1.0411569335846e-05,4.35034570288692e-05,2.6028923339615e-05,0.000150967755369767,3.6440492675461e-05,3.6440492675461e-05,0.000223848740720689,0.0011088321342676,3.1234708007538e-05,0.000499755328120608,0.00036440492675461,5.205784667923e-06,7.80867700188449e-05,2.0823138671692e-05,5.205784667923e-05,0,5.7263631347153e-05
"57","56",5.15060085825275e-05,0,2.71084255697513e-06,2.71084255697513e-06,2.71084255697513e-06,2.71084255697513e-06,0.000168072238532458,8.67469618232043e-05,0.000352409532406767,2.71084255697513e-06,4.0662638354627e-06,2.16867404558011e-05,2.98192681267265e-05,2.71084255697513e-05,1.89758978988259e-05,6.64156426458908e-05,8.1325276709254e-06,2.9335094593279e-05,3.38855319621892e-05,0.000120632493785393,2.30421617342886e-05,3.25301106837016e-05,0.000177560187481871,0.0011778610910057,7.45481703168162e-05,0.000485240817698549,0.000365963745191643,6.77710639243783e-06,9.62349107726172e-05,1.49096340633632e-05,5.15060085825275e-05,2.71084255697513e-06,7.99698554307664e-05
"58","57",4.3940382453268e-05,9.55225705505825e-07,2.86567711651748e-06,4.77612852752913e-06,2.86567711651748e-06,0,0.000122268890304746,6.11344451523728e-05,0.000315224482816922,9.55225705505825e-07,4.77612852752913e-06,5.73135423303495e-05,3.24776739871981e-05,2.77015454596689e-05,1.43283855825874e-05,3.53433511037155e-05,9.55225705505825e-06,2.94856200971293e-05,2.48358683431515e-05,9.93434733726058e-05,2.38806426376456e-05,4.01194796312447e-05,0.000164298821347002,0.00112239020396934,3.91642539257388e-05,0.000543523426432815,0.0002951647430013,9.55225705505825e-07,0.000101253924783617,9.55225705505825e-06,5.25374138028204e-05,1.91045141101165e-06,7.83285078514777e-05
"59","58",0.000130098828645904,0,4.6463867373537e-06,9.2927734747074e-06,4.6463867373537e-06,4.6463867373537e-06,0.000264844044029161,0.000315954298140051,0.000422821193099187,0,0,0.000116159668433842,5.11102541108907e-05,6.96958010603055e-05,3.25247071614759e-05,3.71710938988296e-05,1.85855469494148e-05,4.25267036453495e-05,4.6463867373537e-06,0.000153330762332672,2.32319336867685e-05,4.18174806361833e-05,0.000218380176655624,0.000924630960733386,8.82813480097203e-05,0.000274136817503868,0.000367064552250942,0,8.36349612723666e-05,4.6463867373537e-06,4.18174806361833e-05,0,6.50494143229518e-05
"60","59",2.08049512701808e-05,3.85276875373719e-07,2.31166125224231e-06,3.85276875373719e-06,3.85276875373719e-06,1.92638437686859e-06,0.000128682476374822,1.69521825164436e-05,0.000234248340227221,7.70553750747437e-07,3.46749187836347e-06,4.46921175433514e-05,2.77399350269077e-05,2.54282737746654e-05,7.70553750747437e-06,3.15927037806449e-05,8.86136813359553e-06,3.66667237118122e-05,5.4709316303068e-05,0.000110189186356884,2.35018893977968e-05,4.04540719142404e-05,0.000175300978295042,0.000474661110460421,3.19779806560186e-05,0.000192638437686859,0.00012328860011959,1.15583062612116e-06,6.7038176315027e-05,4.2380456291109e-06,7.70553750747437e-06,1.15583062612116e-06,4.54626712940988e-05
"61","60",5.51876379690949e-05,0,3.67917586460633e-06,3.67917586460633e-06,3.67917586460633e-06,2.45278390973755e-06,0.000156978170223203,6.99043414275202e-05,0.00052121658081923,1.22639195486878e-06,0,8.46210448859455e-05,2.94334069168506e-05,3.3112582781457e-05,1.34903115035565e-05,2.82070149619818e-05,9.81113563895021e-06,3.26796495720253e-05,6.62251655629139e-05,0.00010056414029924,2.69806230071131e-05,3.06597988717194e-05,0.000159430954132941,0.0011429973019377,4.53765023301447e-05,0.000586215354427275,0.000324993868040226,2.45278390973755e-06,7.60363012018641e-05,1.71694873681629e-05,2.82070149619818e-05,1.22639195486878e-06,6.13195977434388e-05
"62","61",0.000121170996510275,0,6.9240569434443e-06,1.03860854151665e-05,6.9240569434443e-06,3.46202847172215e-06,0.000148867224284052,0.00012809505345372,0.000280424306209494,0,0,5.19304270758323e-05,4.5006370132388e-05,5.53924555475544e-05,6.9240569434443e-06,6.57785409627209e-05,2.07721708303329e-05,6.56655366567187e-05,0.000162715338170941,0.000155791281227497,3.11582562454994e-05,4.84683986041101e-05,0.000238879964548828,0.00141250761646264,4.84683986041101e-05,0.000751260178363707,0.000488146014512823,3.46202847172215e-06,2.07721708303329e-05,1.38481138868886e-05,2.42341993020551e-05,3.46202847172215e-06,5.88544840192766e-05
"63","62",3.48074160271088e-05,0,2.72999341389089e-06,4.77748847430906e-06,4.09499012083633e-06,1.36499670694544e-06,0.000148102142703581,2.52524390784907e-05,0.00016789459495429,6.82498353472722e-07,6.1424851812545e-06,4.9139881450036e-05,1.77449571902908e-05,2.38874423715453e-05,1.02374753020908e-05,2.52524390784907e-05,8.87247859514539e-06,3.46832415000428e-05,4.9139881450036e-05,0.000109199736555636,2.18399473111271e-05,2.79824324923816e-05,0.000161069611419562,0.000586948583986541,2.86649308458543e-05,0.000296886783760634,0.000149467139410526,2.04749506041817e-06,5.80123600451814e-05,4.09499012083633e-06,5.45998682778178e-06,1.36499670694544e-06,4.09499012083633e-05
"64","63",7.64431769784352e-05,1.5600648362946e-06,1.5600648362946e-06,4.68019450888379e-06,3.12012967258919e-06,1.5600648362946e-06,0.000210608752899771,0.000137285705593924,0.00048206003441503,1.5600648362946e-06,0,5.14821395977217e-05,2.34009725444189e-05,4.36818154162487e-05,1.24805186903568e-05,2.80811670533027e-05,1.09204538540622e-05,2.52171542480976e-05,9.36038901776758e-06,0.000123245122067273,2.65211022170081e-05,3.43214263984811e-05,0.000185647715519057,0.000979720717193006,5.46022692703109e-05,0.000419657440963246,0.000326053550785571,1.5600648362946e-06,4.21217505799541e-05,7.80032418147298e-06,5.92824637791947e-05,4.68019450888379e-06,6.39626582880784e-05
"65","64",6.32475826623317e-05,1.50589482529361e-06,3.01178965058722e-06,4.51768447588084e-06,3.01178965058722e-06,3.01178965058722e-06,0.00016263664113171,6.32475826623317e-05,0.000438215394160441,3.01178965058722e-06,9.03536895176167e-06,3.61414758070467e-05,3.16237913311658e-05,4.6682739584102e-05,1.05412637770553e-05,1.9576632728817e-05,1.35530534276425e-05,4.16807988056113e-05,4.36709499335147e-05,0.000131012849800544,4.51768447588084e-05,4.36709499335147e-05,0.000219860644492867,0.00100894953294672,8.43301102164423e-05,0.000420144656256918,0.000316237913311658,1.50589482529361e-06,4.6682739584102e-05,1.9576632728817e-05,5.421221371057e-05,1.50589482529361e-06,6.47534774876253e-05
"66","65",9.17559466592097e-05,0,4.3693307932957e-06,4.3693307932957e-06,4.3693307932957e-06,4.3693307932957e-06,0.000288375832357516,0.000126710593005575,0.000401978432983204,4.3693307932957e-06,8.7386615865914e-06,3.05853155530699e-05,3.05853155530699e-05,5.24319695195484e-05,2.18466539664785e-05,0.000100494608245801,2.18466539664785e-05,5.25797607683014e-05,4.3693307932957e-06,0.000113602600625688,3.49546463463656e-05,6.11706311061398e-05,0.000209727878078194,0.00117534998339654,0.000144187916178758,0.00031459181711729,0.000546166349161962,4.3693307932957e-06,4.80626387262527e-05,2.18466539664785e-05,2.62159847597742e-05,1.31079923798871e-05,5.68013003128441e-05
"67","66",7.13197393587707e-05,0,2.16120422299305e-06,2.16120422299305e-06,2.16120422299305e-06,2.16120422299305e-06,0.00022692644341427,0.000123188640710604,0.000356598696793854,2.16120422299305e-06,2.16120422299305e-06,8.64481689197221e-05,2.37732464529236e-05,5.18689013518332e-05,4.3224084459861e-06,5.61913097978193e-05,1.08060211149653e-05,2.80870532709005e-05,2.80956548989097e-05,8.64481689197221e-05,1.08060211149653e-05,3.45792675678888e-05,0.000133994661825569,0.00121675797754509,8.2125760473736e-05,0.000551107076863228,0.000343631471455895,0,4.97076971288402e-05,1.94508380069375e-05,7.34809435817638e-05,2.16120422299305e-06,9.50929858116943e-05
"68","67",3.60535756133615e-05,0,1.80267878066807e-06,6.30937573233825e-06,3.60535756133615e-06,0,0.000122582157085429,4.05602725650316e-05,0.000415517458943991,9.01339390334036e-07,2.70401817100211e-06,8.83312602527356e-05,2.61388423196871e-05,2.88428604906892e-05,1.08160726840084e-05,4.32642907360337e-05,8.11205451300633e-06,2.81556308897594e-05,0,9.824599354641e-05,1.71254484163467e-05,4.23629513456997e-05,0.00015863573269879,0.00054711300993276,3.51522362230274e-05,0.000170353144773133,0.000219025471851171,9.01339390334036e-07,4.8672327078038e-05,4.50669695167018e-06,4.05602725650316e-05,1.80267878066807e-06,2.61388423196871e-05
"69","68",4.74481464249799e-05,1.31800406736055e-06,2.6360081347211e-06,5.27201626944221e-06,2.6360081347211e-06,0,0.000123892382331892,4.87661504923404e-05,0.000183202565363117,1.31800406736055e-06,2.6360081347211e-06,8.03982481089937e-05,2.10880650777688e-05,4.08581260881771e-05,1.1862036606245e-05,2.89960894819321e-05,1.05440325388844e-05,4.19874565599271e-05,0,9.35782887825992e-05,1.44980447409661e-05,4.21761301555377e-05,0.000150252463679103,0.000699860159768453,4.61301423576193e-05,0.000195064601969362,0.000259646801270029,1.31800406736055e-06,5.0084154559701e-05,9.22602847152386e-06,6.19461911659459e-05,3.95401220208166e-06,7.24902237048304e-05
"70","69",1.96646337181047e-05,5.61846677660133e-07,1.12369335532027e-06,1.6855400329804e-06,1.12369335532027e-06,1.12369335532027e-06,0.000106750868755425,2.80923338830067e-05,0.000534878037132447,1.12369335532027e-06,1.6855400329804e-06,3.20252606266276e-05,2.92160272383269e-05,2.75304872053465e-05,8.98954684256213e-06,2.80923338830067e-05,9.55139352022227e-06,3.03287239738e-05,7.07926813851768e-05,9.49520885245625e-05,3.25871073042877e-05,4.32621941798303e-05,0.000171363236686341,0.000426441628344041,3.3710800659608e-05,0.000164059229876759,0.000135966895993752,1.12369335532027e-06,3.76437274032289e-05,3.93292674362093e-06,1.06750868755425e-05,1.12369335532027e-06,3.82055740808891e-05
"71","70",0.000112991513081906,0,4.18487085488542e-06,8.36974170977084e-06,8.36974170977084e-06,4.18487085488542e-06,0.000242722509583354,0.000225983026163813,0.000318050184971292,0,0,2.92940959841979e-05,2.09243542744271e-05,2.92940959841979e-05,4.18487085488542e-06,5.85881919683959e-05,1.67394834195417e-05,1.80466009107964e-05,8.36974170977084e-06,0.000129730996501448,2.51092251293125e-05,2.51092251293125e-05,0.000179949446760073,0.00167394834195417,8.78822879525938e-05,0.000920671588074792,0.000401747602069,4.18487085488542e-06,9.20671588074792e-05,4.18487085488542e-06,7.95125462428229e-05,0,8.36974170977084e-05
"72","71",8.62964787440986e-05,0,3.59568661433744e-06,5.39352992150616e-06,3.59568661433744e-06,3.59568661433744e-06,0.000195964920481391,0.000158210211030847,0.000267878652768139,0,7.19137322867488e-06,6.29245157509052e-05,3.77547094505431e-05,4.31482393720493e-05,5.39352992150616e-06,6.11266724437365e-05,1.07870598430123e-05,3.94483974618738e-05,0,0.000109668441737292,1.43827464573498e-05,3.77547094505431e-05,0.000163603740952354,0.00104454696146503,6.11266724437365e-05,0.000447662983485011,0.000336196698440551,3.59568661433744e-06,6.11266724437365e-05,1.2584903150181e-05,5.21374559078929e-05,0,7.01158889795801e-05
"73","72",6.67797235670916e-05,0,1.75736114650241e-06,3.51472229300482e-06,1.75736114650241e-06,1.75736114650241e-06,0.000131802085987681,0.000188037642675758,0.000270633616561371,1.75736114650241e-06,3.51472229300482e-06,4.74487509555651e-05,2.10883337580289e-05,2.81177783440386e-05,1.23015280255169e-05,3.33898617835458e-05,1.23015280255169e-05,2.22309503153115e-05,3.51472229300482e-05,0.000137074169427188,1.75736114650241e-05,3.51472229300482e-05,0.000191552364968763,0.00138831530573691,0.000103684307643642,0.000697672375161457,0.000312810284077429,5.27208343950724e-06,0.000105441668790145,7.02944458600965e-06,4.92061121020675e-05,1.75736114650241e-06,0.000105441668790145
"74","73",7.3162385093754e-05,2.36007693850819e-06,4.72015387701639e-06,4.72015387701639e-06,7.08023081552459e-06,2.36007693850819e-06,0.000198246462834688,0.000132164308556459,0.000802426159092786,4.72015387701639e-06,2.59608463235901e-05,4.01213079546393e-05,2.59608463235901e-05,4.01213079546393e-05,1.1800384692541e-05,2.59608463235901e-05,2.12406924465738e-05,3.49299609875436e-05,7.55224620322622e-05,0.000113283693048393,3.30410771391147e-05,3.77612310161311e-05,0.000188806155080656,0.000899189313571622,9.44030775403278e-05,0.000210046847527229,0.000337491002206672,2.36007693850819e-06,4.95616157086721e-05,1.88806155080656e-05,2.3600769385082e-05,4.01213079546393e-05,0.000122724000802426
"75","74",4.9371359674253e-05,0,3.89773892165155e-06,5.19698522886873e-06,3.89773892165155e-06,2.59849261443437e-06,0.000141617847486673,4.80721133670358e-05,0.00041056183308063,1.29924630721718e-06,9.09472415052028e-06,4.41743744453842e-05,2.33864335299093e-05,2.20871872226921e-05,9.09472415052028e-06,1.68902019938234e-05,1.29924630721718e-05,3.20338036674633e-05,3.63788966020811e-05,9.224648781242e-05,2.33864335299093e-05,3.76781429092983e-05,0.000153311064251628,0.000632732951614768,5.45683449031217e-05,0.000123428399185632,0.000237762074220745,1.29924630721718e-06,3.63788966020811e-05,2.72841724515608e-05,4.15758818309499e-05,1.81894483010406e-05,9.224648781242e-05
"76","75",4.48506719303415e-07,4.48506719303415e-07,4.48506719303415e-07,8.97013438606831e-06,4.48506719303415e-07,4.48506719303415e-07,8.43192632290421e-05,0,0.000848574712922062,0,2.24253359651708e-06,9.86714782467514e-06,3.00499501933288e-05,1.48007217370127e-05,4.48506719303415e-06,4.61961920882518e-05,7.62461422815806e-06,4.13658751243375e-05,3.00499501933288e-05,8.38707565097387e-05,2.15283225265639e-05,7.84886758780977e-05,0.000185233275072311,0.000125133374685653,3.81230711407903e-05,1.39037082984059e-05,3.49835241056664e-05,1.34552015791025e-06,2.46678695616878e-05,4.03656047373074e-06,1.79402687721366e-06,8.9701343860683e-07,5.38208063164098e-06
"77","76",3.9055992743556e-05,7.97061076399101e-07,2.3911832291973e-06,2.3911832291973e-06,2.3911832291973e-06,2.3911832291973e-06,0.000123544466841861,4.94177867367443e-05,0.000369039278372784,1.5941221527982e-06,1.5941221527982e-06,3.66648095143587e-05,2.55059544447712e-05,2.63030155211703e-05,5.57942753479371e-06,6.05766418063317e-05,9.56473291678922e-06,3.1668819277015e-05,5.10119088895425e-05,0.00010600912316108,2.07235879863766e-05,3.82589316671569e-05,0.000166585764967412,0.000830537641607864,4.7026603507547e-05,0.000402515843581546,0.000236727139690533,3.18824430559641e-06,5.34030921187398e-05,9.56473291678922e-06,2.55059544447712e-05,3.18824430559641e-06,4.94177867367443e-05
"78","77",2.34397890418986e-05,0,2.197480222678e-06,2.92997363023733e-06,2.197480222678e-06,1.46498681511866e-06,0.000133313800175798,3.07647231174919e-05,0.00109068268385585,0,2.197480222678e-06,4.90770583064752e-05,1.46498681511866e-05,1.90448285965426e-05,4.39496044535599e-06,1.61148549663053e-05,7.32493407559332e-06,2.7047237067217e-05,4.61470846762379e-05,0.000108409024318781,1.098740111339e-05,4.17521242308819e-05,0.000161881043070612,0.000517872839144448,4.10196308233226e-05,0.000115733958394374,0.000221213009082918,0,5.85994726047466e-05,1.24523879285086e-05,2.4172282449458e-05,1.46498681511866e-06,4.32171110460006e-05
"79","78",1.55095157929169e-05,7.04977990587134e-07,7.04977990587134e-07,3.52488995293567e-06,3.52488995293567e-06,7.04977990587134e-07,9.65819847104373e-05,2.46742296705497e-05,0.000805084865250507,0,1.40995598117427e-06,5.21683713034479e-05,1.69194717740912e-05,2.46742296705497e-05,7.75475789645847e-06,2.67891636423111e-05,8.45973588704561e-06,2.99532300701541e-05,3.38389435481824e-05,0.000105041720597483,1.19846258399813e-05,4.7233525369338e-05,0.000164259871806802,0.000471630275702793,3.80688114917052e-05,0.000111386522512767,0.000179769387599719,0,6.06281071904935e-05,1.83294277552655e-05,1.62144937835041e-05,7.04977990587134e-07,4.65285473787508e-05
"80","79",7.80341843544151e-05,0,2.69083394325569e-06,5.38166788651139e-06,5.38166788651139e-06,2.69083394325569e-06,0.000142614198992552,0.000113015025616739,0.000261010892495802,0,5.38166788651139e-06,3.4980841262324e-05,1.88358376027899e-05,2.69083394325569e-05,1.61450036595342e-05,2.15266715460455e-05,1.34541697162785e-05,3.47437593247998e-05,4.03625091488354e-05,0.000142614198992552,2.69083394325569e-05,2.95991733758126e-05,0.000201812545744177,0.00135348947345761,8.34158522409265e-05,0.000551620958367417,0.000457441770353468,2.69083394325569e-06,0.000102251689843716,1.34541697162785e-05,4.30533430920911e-05,2.69083394325569e-06,9.6870021957205e-05
"81","80",6.64713342371102e-05,1.74924563781869e-06,1.74924563781869e-06,5.24773691345607e-06,5.24773691345607e-06,1.74924563781869e-06,0.000167927581230594,0.000103205492631303,0.000183670791970963,0,1.74924563781869e-06,7.3468316788385e-05,3.49849127563738e-05,3.49849127563738e-05,1.74924563781869e-05,2.62386845672804e-05,1.04954738269121e-05,3.70967642495127e-05,5.77251060480168e-05,0.000117199457733852,3.84834040320112e-05,4.02326496698299e-05,0.000195915511435693,0.00136091310622294,4.02326496698299e-05,0.00085538111689334,0.000283377793326628,0,9.44592644422093e-05,1.57432107403682e-05,2.97371758429177e-05,1.74924563781869e-06,4.02326496698299e-05
"82","81",8.90222477070225e-05,0,5.23660280629544e-06,5.23660280629544e-06,5.23660280629544e-06,5.23660280629544e-06,0.000183281098220341,8.11673434975794e-05,0.000233028824880147,2.61830140314772e-06,0,4.45111238535113e-05,2.61830140314772e-05,3.66562196440681e-05,1.04732056125909e-05,7.33124392881362e-05,1.57098084188863e-05,4.38905232207525e-05,8.64039463038748e-05,0.000109968658932204,3.40379182409204e-05,3.92745210472158e-05,0.000183281098220341,0.000929496998117441,8.37856449007271e-05,0.000293249757152545,0.00035608899082809,5.23660280629544e-06,7.33124392881362e-05,1.83281098220341e-05,2.61830140314772e-05,2.61830140314772e-06,7.06941378849885e-05
"83","82",9.18743159357998e-05,0,3.99453547546956e-06,7.98907095093911e-06,3.99453547546956e-06,3.99453547546956e-06,0.000263639341380991,0.000119836064264087,0.000215704915675356,0,3.99453547546956e-06,5.99180321320434e-05,2.79617483282869e-05,3.19562838037565e-05,7.98907095093911e-06,5.19289611811042e-05,1.19836064264087e-05,5.03712437455141e-05,4.79344257056347e-05,9.58688514112694e-05,3.19562838037565e-05,2.79617483282869e-05,0.000155786883543313,0.00122632239096915,9.98633868867389e-05,0.000523284147286512,0.000435404366826182,3.99453547546956e-06,4.79344257056347e-05,1.59781419018782e-05,4.39398902301651e-05,0,5.59234966565738e-05
"84","83",3.11107611150486e-05,0,1.94442256969054e-06,3.88884513938107e-06,2.9166338545358e-06,2.9166338545358e-06,0.000160414861999469,2.04164369817506e-05,0.000453050458737895,3.88884513938107e-06,3.88884513938107e-06,2.13886482665959e-05,2.5277493405977e-05,2.81941272605128e-05,9.72211284845268e-06,2.23608595514412e-05,8.74990156360741e-06,3.0873665454376e-05,9.72211284845268e-07,8.65268043512288e-05,1.55553805575243e-05,2.81941272605128e-05,0.000130276312169266,0.000533743995380052,6.41659447997877e-05,0.000124443044460194,0.000189581200544827,9.72211284845268e-07,5.15271980967992e-05,2.04164369817506e-05,2.81941272605128e-05,1.94442256969054e-06,5.24994093816445e-05
"85","84",4.54587607214487e-05,0,3.6367008577159e-06,7.27340171543179e-06,3.6367008577159e-06,1.81835042885795e-06,0.0001945634958878,3.81853590060169e-05,0.000325484726765573,1.81835042885795e-06,5.45505128657385e-06,2.18202051462954e-05,4.18220598637328e-05,3.27303077194431e-05,1.09101025731477e-05,4.18220598637328e-05,1.45468034308636e-05,5.33348624618929e-05,6.00055641523123e-05,0.000103645974444903,3.09119572905851e-05,3.81853590060169e-05,0.000174561641170363,0.000623694197098276,7.45523675831759e-05,0.000165469889026073,0.00021274700017638,3.6367008577159e-06,5.45505128657385e-05,9.09175214428974e-06,3.81853590060169e-05,1.81835042885795e-06,6.36422650100282e-05
"86","85",4.72917105259143e-05,0,3.05107809844609e-06,4.57661714766913e-06,3.05107809844609e-06,1.52553904922304e-06,0.000144926209676189,0.000114415428691728,0.000215101005940449,0,3.05107809844609e-06,2.44086247875687e-05,1.83064685906765e-05,2.13575466891226e-05,1.37298514430074e-05,5.33938667228065e-05,1.06787733445613e-05,2.6706128316317e-05,1.98320076398996e-05,9.76344991502747e-05,1.67809295414535e-05,3.508739813213e-05,0.000151028365873081,0.000831418781826558,7.1700335313483e-05,0.000219677623088118,0.000335618590829069,3.05107809844609e-06,5.64449448212526e-05,7.62769524611521e-06,4.11895543290222e-05,1.52553904922304e-06,9.45834210518286e-05
"87","86",7.18843913479019e-05,2.31885133380329e-06,2.31885133380329e-06,4.63770266760658e-06,2.31885133380329e-06,2.31885133380329e-06,0.000213334322709902,0.000164638444700033,0.000259711349385968,2.31885133380329e-06,6.95655400140986e-06,4.8695878009869e-05,1.6231959336623e-05,2.55073646718362e-05,1.15942566690164e-05,3.2463918673246e-05,1.15942566690164e-05,2.7490650788302e-05,5.10147293436723e-05,0.000106667161354951,2.31885133380329e-05,3.94204726746559e-05,0.000171594998701443,0.0010597150595481,9.04352020183282e-05,0.0003524654027381,0.000405798983415575,9.27540533521315e-06,7.88409453493118e-05,1.15942566690164e-05,4.63770266760658e-05,4.63770266760658e-06,6.02901346788855e-05
"88","87",6.91754288876591e-05,2.66059341875612e-06,2.66059341875612e-06,2.66059341875612e-06,2.66059341875612e-06,2.66059341875612e-06,0.00021284747350049,0.000167617385381636,0.00035651951811332,2.66059341875612e-06,2.66059341875612e-06,0.000101102549912733,3.45877144438296e-05,2.39453407688051e-05,1.86241539312928e-05,5.05512749563663e-05,1.33029670937806e-05,3.30420292206036e-05,7.98178025626836e-06,0.000103763143331489,2.92665276063173e-05,3.99089012813418e-05,0.000172938572219148,0.000893959388702056,5.05512749563663e-05,0.000242114001106807,0.000383125452300881,2.66059341875612e-06,6.11936486313908e-05,1.06423736750245e-05,7.98178025626836e-05,2.66059341875612e-06,6.11936486313908e-05
"89","88",8.79469972763081e-05,0,2.66506052352449e-06,5.33012104704898e-06,5.33012104704898e-06,2.66506052352449e-06,0.000210539781358435,9.59421788468816e-05,0.000226530144499582,0,1.0660242094098e-05,8.79469972763081e-05,4.79710894234408e-05,5.86313315175388e-05,1.59903631411469e-05,5.06361499469653e-05,1.59903631411469e-05,5.78684791962253e-05,1.86554236646714e-05,0.0001305879656527,3.73108473293428e-05,4.53060288999163e-05,0.000215869902405484,0.0010340434831275,9.06120577998326e-05,0.000303816899681792,0.000306481960205316,2.66506052352449e-06,7.99518157057347e-05,1.33253026176224e-05,0.000109267481464504,5.33012104704898e-06,0.000122592784082126
"90","89",0.000108350928157478,0,5.85680692743123e-06,5.85680692743123e-06,5.85680692743123e-06,5.85680692743123e-06,0.00016691899743179,0.000275269925589268,0.000418761695311333,2.92840346371562e-06,5.85680692743123e-06,7.90668935203216e-05,2.34272277097249e-05,3.51408415645874e-05,5.85680692743123e-06,5.85680692743123e-05,1.75704207822937e-05,2.50992294127121e-05,2.92840346371562e-06,0.000102494121230047,1.75704207822937e-05,2.92840346371562e-05,0.000152276980113212,0.00117136138548625,0.000146420173185781,0.000389477660674177,0.000486114974976792,2.92840346371562e-06,5.27112623468811e-05,1.75704207822937e-05,1.75704207822937e-05,2.92840346371562e-06,5.56396658105967e-05
"91","90",5.54331407031694e-05,0,6.92914258789618e-06,6.92914258789618e-06,6.92914258789618e-06,6.92914258789618e-06,0.000166299422109508,3.46457129394809e-05,0.000207874277636885,0,6.92914258789618e-06,3.46457129394809e-05,1.38582851757924e-05,1.38582851757924e-05,6.92914258789618e-06,2.07874277636885e-05,6.92914258789618e-06,2.85715722964486e-05,0,0.000110866281406339,3.46457129394809e-05,3.46457129394809e-05,0.000180157707285301,0.000900788536426503,4.1574855527377e-05,0.000374173699746393,0.000256378275752158,0,0.000131653709170027,1.38582851757924e-05,4.85039981152732e-05,6.92914258789618e-06,2.77165703515847e-05
"92","91",2.07347932222746e-05,0,7.97492047010561e-07,3.98746023505281e-06,1.59498409402112e-06,7.97492047010561e-07,9.25090774532251e-05,1.9937301175264e-05,0.000918710838156167,0,2.39247614103168e-06,4.62545387266125e-05,2.31272693633063e-05,2.47222534573274e-05,8.77241251711617e-06,2.79122216453696e-05,9.56990456412673e-06,3.6880402078828e-05,3.90771103035175e-05,9.8091521782299e-05,1.2759872752169e-05,3.82796182565069e-05,0.000150725996884996,0.000502419989616654,3.42921580214541e-05,0.000157105933261081,0.000161890885543144,0,5.90144114787815e-05,1.59498409402112e-05,1.83423170812429e-05,1.59498409402112e-06,5.42294591967182e-05
"93","92",6.28376344646831e-07,0,6.28376344646831e-07,4.39863441252781e-06,1.25675268929366e-06,6.28376344646831e-07,6.34660108093299e-05,1.88512903394049e-06,0.000901091678223555,0,0,1.94796666840517e-05,2.70201828198137e-05,2.51350537858732e-05,4.39863441252781e-06,3.7074204334163e-05,8.79726882505563e-06,4.47516923530396e-05,4.21012150913376e-05,8.73443119059094e-05,1.57094086161708e-05,3.83309570234567e-05,0.000143269806579477,0.000229357365796093,3.45606989555757e-05,4.96417312270996e-05,7.91754194255006e-05,0,3.51890753002225e-05,5.65538710182147e-06,3.77025806788098e-06,3.14188172323415e-06,1.82229139947581e-05
"94","93",6.44129851425008e-07,0,6.44129851425008e-07,5.15303881140007e-06,6.44129851425008e-07,6.44129851425008e-07,6.18364657368008e-05,1.93238955427503e-06,0.00174559189736177,0,0,2.38328045027253e-05,1.41708567313502e-05,1.93238955427503e-05,4.50890895997506e-06,2.12562850970253e-05,7.7295582171001e-06,2.5510136013472e-05,4.95979985597256e-05,9.79077374166013e-05,1.41708567313502e-05,4.25125701940506e-05,0.000154591164342002,0.000182932877804702,2.31886746513003e-05,4.38008298969006e-05,4.63773493026006e-05,1.28825970285002e-06,4.83097388568756e-05,1.28825970285002e-06,5.79716866282508e-06,1.28825970285002e-06,1.15943373256502e-05
"95","94",7.38549709934601e-07,0,7.38549709934601e-07,4.43129825960761e-06,1.4770994198692e-06,7.38549709934601e-07,7.23778715735909e-05,3.69274854967301e-06,0.00128138374673653,7.38549709934601e-07,0,1.40324444887574e-05,1.8463742748365e-05,1.32938947788228e-05,5.90839767947681e-06,3.10190878172533e-05,6.64694738941141e-06,2.87467286076632e-05,5.16984796954221e-05,9.89656611312366e-05,1.40324444887574e-05,4.13587837563377e-05,0.000155833988796201,0.000278433240645345,3.24961872371225e-05,8.7148865772283e-05,7.53320704133293e-05,0,5.02213802755529e-05,2.95419883973841e-06,8.12404680928062e-06,2.2156491298038e-06,1.99408421682342e-05
"96","95",1.67408705754925e-05,0,8.37043528774627e-07,3.34817411509851e-06,2.51113058632388e-06,8.37043528774627e-07,0.000107141571683152,1.00445223452955e-05,0.00130076564371577,8.37043528774627e-07,8.37043528774627e-07,5.69189599566746e-05,1.50667835179433e-05,2.17631317481403e-05,5.85930470142239e-06,2.34372188056896e-05,8.37043528774627e-06,2.60886172152452e-05,3.43187846797597e-05,0.000118023137557222,1.17186094028448e-05,4.35262634962806e-05,0.000174942097513897,0.000506411334908649,4.68744376113791e-05,0.000137275138719039,0.000164897575168601,8.37043528774627e-07,7.53339175897164e-05,1.25556529316194e-05,2.59483493920134e-05,4.18521764387313e-06,3.85040023236328e-05
